user_id,name,email,card_number
U0000,Christine Guzman,sarahwilliams@example.org,372769126871177
U0001,Nichole Campbell,josephbrown@example.org,574672761487
U0002,Samantha Green,edwardbrooks@example.com,2242622988013004
U0003,Melissa Bentley,tracybuchanan@example.com,6011266480797464
U0004,Danielle Christian,david26@example.org,565922405867
U0005,Darius Levy,vgordon@example.net,3567685214151620
U0006,Cynthia Jones,mendozakyle@example.com,3577608518703506
U0007,Tara Everett,ronnieortiz@example.net,4924248460003185332
U0008,Michael Freeman,jamieward@example.com,4394893427974
U0009,Sherri Vaughn,keithdavidson@example.com,6011437360896755
U0010,Laura Johnson,tabitha22@example.net,30044930694734
U0011,Karen Jenkins,lgutierrez@example.org,36725955899174
U0012,Ryan Hickman,pauljohnson@example.net,4747735171581274357
U0013,Nathaniel Mitchell,lopezjennifer@example.org,3548085588921936
U0014,Denise Hart,xgray@example.com,4271079732225823167
U0015,Brent Singh,jeffreymelton@example.net,3522135320906255
U0016,Hannah Cameron,michaelsmall@example.net,2260955030081836
U0017,Brian Richards,xdavis@example.net,575307402868
U0018,Lauren Clark,moyerclifford@example.org,4681041933071
U0019,Edward Yang,hwhite@example.net,373028208451112
U0020,Dr. Lucas Davis,angeladickson@example.net,3559975330832009
U0021,Elizabeth Thomas,michellesmith@example.net,4054886472461768205
U0022,David Nguyen,gerald64@example.org,373443224014416
U0023,Stephanie Cantrell,tanyabrown@example.com,3560372745573716
U0024,Rita Berry,heather86@example.org,4730424601350023348
U0025,Caitlin Gibson,hernandezsuzanne@example.org,213198497106430
U0026,Elizabeth Anderson,eric46@example.net,3565385059295101
U0027,Ricky Beltran,ericgray@example.net,4626546637388
U0028,Shaun Johnson,egonzalez@example.net,676316989372
U0029,Michelle Jones,holtrita@example.net,4462158273433333
U0030,Carol Erickson,mauricewilliams@example.com,4618103649260
U0031,Jennifer Hendrix,watkinsmatthew@example.net,349262917818862
U0032,Carolyn Whitney,christopher40@example.net,30220062962590
U0033,Lisa Alvarez,ybrooks@example.net,374756012098120
U0034,Amanda Nelson,bradleysanchez@example.com,6583539967461004
U0035,Christine Mccullough,cantustephanie@example.org,3558887172848194
U0036,Anthony Todd,ycarlson@example.net,4757607850657973
U0037,Todd Evans,jamesbowman@example.com,346227943956781
U0038,Thomas Schmidt,vmontgomery@example.com,3552580200092143
U0039,Robert Garrett,haleshawn@example.net,3567723824638197
U0040,Shelley Chavez,lisagaines@example.org,5596804865930691
U0041,Edward Burke,jeremy58@example.org,3583933010007152
U0042,Mason Baker,tyler13@example.org,676335581762
U0043,Victor Ingram,kyle43@example.net,4041479697650033
U0044,Shannon Aguilar,linda71@example.com,342167388643904
U0045,Melissa Morris,ortegadanielle@example.net,3554998397445585
U0046,Brittany Stewart,marywilson@example.com,4175372318365571472
U0047,Ryan Garcia,laurenedwards@example.com,3511803013125821
U0048,Natalie Ross,sarahbarron@example.net,4433124568113
U0049,Jessica Carlson,marvinbrown@example.org,4329580899151226
U0050,Marissa Howard,jessica87@example.net,4848177097738
U0051,Heather Everett,williamsricky@example.org,180024435036605
U0052,Jason Frey,fostermichele@example.com,4507491257683764
U0053,Brian Coffey,jacob22@example.com,4343779039946469
U0054,Stephen Hunt,jcuevas@example.com,2414075367943774
U0055,Scott Morgan Jr.,burnsluis@example.com,4186687776146997240
U0056,Marc Anderson,grantjeffrey@example.net,3582279817482029
U0057,Jacob Cervantes,gmarshall@example.org,213180091199920
U0058,Kara Powell,scuevas@example.com,676154523622
U0059,Angela Knight,victoria20@example.org,4198807581044
U0060,William Taylor,harmonmark@example.com,3564670384715480
U0061,Christopher Mckenzie,diazbrittany@example.com,4459655247141764
U0062,Michael Peterson,hayescraig@example.org,575017950503
U0063,Jason Montgomery,ashleycooper@example.net,4674301475629316
U0064,Kimberly Garrison,rjensen@example.net,676362571355
U0065,Kenneth Green,benglish@example.org,378678012331564
U0066,Ashley Adams,donald44@example.org,346494274773652
U0067,Dakota Jordan,angelakline@example.org,4824909137642201
U0068,Evan Duran,williamsdeborah@example.org,30435746659335
U0069,Edward Rogers,alyssawilliams@example.net,3524536604194658
U0070,Phillip Jordan,bstewart@example.org,5497804015905387
U0071,Robin Silva,stephanie70@example.com,501884449320
U0072,Alexis Hansen,griffintonya@example.org,180004813133372
U0073,Kimberly Ewing,jenniferwagner@example.com,180065194785098
U0074,James Mendez,angelicapadilla@example.org,639019467419
U0075,Frank Mcdonald,ilewis@example.com,349572203512114
U0076,Michael Howard,brittany20@example.net,060437664083
U0077,Cassandra Aguilar,tcole@example.com,30312970530757
U0078,Andrew Webb,casey44@example.org,38484411208053
U0079,Sarah Wagner,dayterrence@example.org,4437748271811407
U0080,Lindsay Graves,carolvasquez@example.org,371637335431953
U0081,Megan Jefferson,madison51@example.org,5355622220283601
U0082,Richard Sanchez,holderjames@example.net,4857804251064219
U0083,Loretta Nolan,monique33@example.org,2279701378983798
U0084,Katie Marquez,alicia78@example.com,4650785715899465
U0085,Adam Hernandez,austinerin@example.net,3583730705250828
U0086,Christopher Martinez,joseph39@example.org,4703521006341
U0087,Pamela Cunningham,cheryl47@example.com,3584704961559957
U0088,Margaret Cline,grayvictoria@example.org,5353375772041131
U0089,Daniel Cook,matthew35@example.com,4543805124073097
U0090,Michael Beck,christopherherring@example.org,4843142560514
U0091,Ronald Hanson MD,catherine58@example.org,3567366561432521
U0092,Oscar Phillips,fieldsnicole@example.com,3514996610057459
U0093,Steven Ellis,gjohnson@example.net,3531268297099702
U0094,Nicholas Maddox,samanthacampbell@example.org,4545147990283551
U0095,Justin Mclaughlin,gmiller@example.com,2270337183576417
U0096,Nichole Cannon,joshua12@example.org,213124648678556
U0097,Nancy Carrillo,coreypotter@example.org,4168272138413971
U0098,Ashley Sullivan,smalljohn@example.com,4859994686119924
U0099,Matthew Lewis,tiffany79@example.net,2226172271368285
U0100,Matthew Herman,leetara@example.net,4161647321492
U0101,John Maxwell,burtoncassandra@example.org,6530904883329277
U0102,Jennifer Ayers,lisa95@example.org,6574889349369271
U0103,Sandra Kirk,taylorjoshua@example.com,4570968314987
U0104,Aaron Holmes,ldoyle@example.net,379236202217926
U0105,Jimmy Russell,fpeters@example.com,5281205720776271
U0106,Sharon Leon,jessicarodriguez@example.com,180032653816467
U0107,Edward Simmons,kristachung@example.com,4727511643113556479
U0108,Juan Richardson,williamstracy@example.net,2289947677912016
U0109,Christopher Brown,johnjohnson@example.net,213107640768475
U0110,Dean Townsend,usnyder@example.net,377746462486773
U0111,Ruth Davis,coreykramer@example.com,340497081995133
U0112,Neil Lambert,josephespinoza@example.com,4078535828301642
U0113,Thomas Castro,iramsey@example.org,4206039877118473
U0114,David Hayes,hmoody@example.org,372799669367549
U0115,Robin Allen,starkjoseph@example.org,5294417259642858
U0116,William Lowe,ncole@example.org,6011955917293895
U0117,Cindy Bell,kturner@example.org,675955056311
U0118,Beth Evans,jayherrera@example.org,5413712089500813
U0119,Frank Smith MD,mark37@example.org,676247306738
U0120,Bradley Collier,bradbradley@example.org,30552591879287
U0121,Allison Thompson,livingstonbrandon@example.com,213174498650791
U0122,Megan Torres,umcgee@example.net,5581391597484459
U0123,Victoria Baker,ilong@example.org,4873684267582716142
U0124,Ashley Daniels,nicholas36@example.com,3568725770044733
U0125,Richard Schmidt,grichardson@example.org,4708626041531
U0126,Mr. Jeffery Scott DDS,rhodesphyllis@example.com,30160733416446
U0127,John Martinez,benjaminmcdonald@example.net,5466370819426498
U0128,Lauren Powell,foxmary@example.net,4771881527912853197
U0129,Justin Taylor,acostajennifer@example.com,349187836277678
U0130,Ronald Davis,asmith@example.com,502089363316
U0131,John Owens,susan80@example.com,2713278959223179
U0132,Christopher Wilson,preid@example.com,6557229891446345
U0133,Ruben Andersen,alvarezchristian@example.net,4563485820830438931
U0134,Jermaine Martinez,npatton@example.net,5582828500934590
U0135,Joseph Hill,lynn96@example.org,4017265520715241136
U0136,Robert Cunningham,gardnerdonald@example.com,4317285503185
U0137,Marvin Bennett,rscott@example.net,3594219422328981
U0138,Renee Cross,tanner34@example.net,344543810835052
U0139,James Robinson,jeremiahmorales@example.com,180009303524667
U0140,Brittany Higgins,dean61@example.com,341366379759841
U0141,Jared Conner,crystaljackson@example.com,2720798334345091
U0142,Jamie Thompson,martinezcandice@example.com,3527249545966815
U0143,Jennifer Vega,matthew51@example.net,213147894641986
U0144,Eric Crawford,noblewilliam@example.net,342766294956431
U0145,Joshua French,adamsjeffrey@example.net,3526676585897487
U0146,Cynthia Harrell,franklinderek@example.net,30199990833240
U0147,Joshua Ruiz,frank38@example.org,213155299868658
U0148,Joseph Li,nicholslatoya@example.org,30461281079002
U0149,Anna Odom,jonathangarcia@example.org,4007644541080850817
U0150,Barbara Williams,johnlopez@example.net,180058949850812
U0151,David Meyer,zimmermanmatthew@example.net,180093607595698
U0152,Julia Gibbs,michelle93@example.net,676269585789
U0153,Brandon Garcia,amber00@example.net,3569035086074641
U0154,Crystal Butler,imartin@example.net,4093175607758091
U0155,Kevin Carroll,tbarber@example.com,4251701288554840502
U0156,Wesley Dickerson,jhunt@example.net,4291170060750859
U0157,Angela Snyder,gatesanthony@example.net,342510605834402
U0158,Karen Edwards,asimmons@example.org,3516635331899702
U0159,Nathan Hamilton,pbowen@example.org,6011658118348951
U0160,Penny Mejia,averyvirginia@example.org,4546870903443199
U0161,Natasha Holmes,stephanie95@example.com,4563744671083949018
U0162,Erin Buckley,jordancaroline@example.net,6011668359325337
U0163,Gregory Reed,newtonlori@example.org,2244871545891216
U0164,Michele Lopez,slawson@example.net,347112230892460
U0165,James Landry,youngjohn@example.net,2455917095190873
U0166,Teresa Bridges,lauramacdonald@example.com,3568304283507469
U0167,Nicole Wilson,eric67@example.org,344749581792279
U0168,Mrs. April Young,timothy97@example.com,347405947485184
U0169,Maureen Smith,williammiller@example.com,4246435091367601
U0170,Ronnie Schneider,ngates@example.com,374280597253893
U0171,Natalie Fischer,hurleysheila@example.com,3537035193587211
U0172,Kristen Adams,brandonmann@example.com,4205712069198373867
U0173,Cody Spencer,johnsonpatrick@example.org,4684186886054545
U0174,Anthony Lutz,twalker@example.net,38671687051163
U0175,Tommy Lee,robin38@example.net,4069695537675883
U0176,Lisa Curtis,fhall@example.com,376960894630012
U0177,Donna Clements,rodriguezsylvia@example.org,4518759450246798224
U0178,Wesley Williams,scottpope@example.com,36114180001973
U0179,Thomas Miller,ljohnson@example.com,4204315262385064654
U0180,Brittany Rice PhD,dominique25@example.org,4077072686631821108
U0181,Patricia Boyd,lparker@example.com,180052764600675
U0182,Felicia Diaz,tiffany13@example.com,676257842648
U0183,Amber Long DDS,erussell@example.org,6011542748055352
U0184,Robert Thompson,megangonzalez@example.org,2720450158330698
U0185,Jeremiah Robles,vchandler@example.net,30366217146959
U0186,Sean Martinez,haasvirginia@example.com,4626879086288495893
U0187,Erik Garcia,shelly48@example.com,503879876970
U0188,Kristen Yoder,mary68@example.com,2244489444603523
U0189,Catherine Moore,changbarbara@example.net,5147148759695216
U0190,Harry Kline,jclark@example.net,30581236026970
U0191,Terry Hodges,robin76@example.com,3515107287225481
U0192,Edward Sandoval III,qleon@example.org,213135610601145
U0193,Mr. Scott Sanchez,sanchezmeredith@example.net,6011507811865730
U0194,Lauren Harper,samuelchandler@example.org,639042104104
U0195,Katie Hubbard,carl74@example.net,6011966729244802
U0196,James Oliver,garciaamy@example.org,6011241581981077
U0197,John Wang,goodpatricia@example.net,3516512726828549
U0198,Scott Ramos,hogangregory@example.org,30510124500390
U0199,Kristine Frey,jessicasmall@example.net,4211851819978977
U0200,Andrew Nguyen,ngraham@example.com,4926464382638501
U0201,Richard Jones,hsmith@example.com,4614080227831693557
U0202,Brandon Chen,julie11@example.com,4016448625089
U0203,Nicholas Hunt MD,ruthwallace@example.com,5432112394691059
U0204,Karl Mcdowell,danashaw@example.com,3530556241899636
U0205,Frank Rodriguez,ibecker@example.com,3516465586270932
U0206,Eileen Stephens,karenbrown@example.com,180007177055966
U0207,Jessica Rodriguez,qjefferson@example.org,3512383116442166
U0208,Juan Rowe,duranricky@example.org,180093346604447
U0209,Jacqueline Phelps,dmiller@example.net,4761557416745636
U0210,Jason Hopkins,nporter@example.net,6565026220473465
U0211,Matthew Krause,heather61@example.net,4780295369667
U0212,Ryan Santos,yromero@example.org,3551234451980355
U0213,Angela Joyce,wilsoncourtney@example.org,4669853759929165
U0214,Brenda Yates,david05@example.org,379374057655344
U0215,Caroline Bird,caleb74@example.org,180002930422348
U0216,Misty Brooks,davidrose@example.org,4081608092194525
U0217,Jeremiah Nguyen,jonesdakota@example.com,38898945754102
U0218,Barbara Rodriguez,fmedina@example.org,3526336492901043
U0219,Jason Gonzalez,duranjoseph@example.org,6583606816069773
U0220,Jacob Romero,wilsonsteven@example.net,4545767087936919703
U0221,Joshua Rodriguez,ralphjohnson@example.com,4563057980148678913
U0222,Thomas Dixon,greenjoseph@example.com,4252683286755571934
U0223,Frank Nelson,nramos@example.org,2453027508719029
U0224,Karen Young,anthonymann@example.org,4763671966475102
U0225,Stephen Day,pmiller@example.com,630460829793
U0226,Kelly Johnson,heathermartin@example.com,4578338592157424466
U0227,Kathy White,todd15@example.com,4256648665919758
U0228,Jesse Little,jasmine63@example.com,30592374583979
U0229,Timothy Vasquez,george36@example.org,6539940250938143
U0230,Rhonda Morgan,matthew34@example.net,4303876806943130802
U0231,Jeffrey Austin,lisa88@example.org,344465620225946
U0232,Deborah Knight,qcampbell@example.net,630454384862
U0233,Tiffany Williams,whitakerjamie@example.net,3557428144029208
U0234,Briana Gonzalez,christopher49@example.net,6549937214409169
U0235,Jenna Lane,rebeccaruiz@example.com,4125995591774
U0236,Amy Ward,shannon70@example.org,5595388196451891
U0237,Michael Harris,hansenvanessa@example.com,6591740108275242
U0238,Cheyenne Holmes,robertsoncynthia@example.net,4277976061391065
U0239,Brian Walsh,brianstephens@example.com,2292078031820482
U0240,Donna Gonzalez,baileywilliam@example.org,4750089571169654498
U0241,Jason Watson,karenrodriguez@example.org,3505794618482790
U0242,Laurie Cunningham,nkirk@example.com,4005498691430
U0243,Sandra Johnson,millergary@example.net,502098096980
U0244,Danielle Miller,vruiz@example.org,4011959541255750066
U0245,Roberto Morales,crystalsteele@example.net,4248324320616350
U0246,Michael Bolton,troyhurst@example.com,213124934282139
U0247,Robert Hurley,ricejohn@example.com,3516006354665810
U0248,Jessica Little,lisanelson@example.net,3536836909774048
U0249,Jordan Freeman,shanebailey@example.com,30218463227837
U0250,Christina Nicholson,rgarcia@example.org,3520883763873597
U0251,Cole Mccormick,griffinanne@example.com,3507941904764278
U0252,Laura Campbell,melissa95@example.com,4995337027798411785
U0253,Lacey Weaver,farrelljeffrey@example.org,6011281029690682
U0254,Amber Wiggins,tiffanybranch@example.net,587346225150
U0255,Jessica Myers,kyleedwards@example.org,4912404325858230597
U0256,Matthew Jones,richard75@example.com,38673961706975
U0257,Philip Miller,arthur07@example.net,213137384500081
U0258,Aaron Porter,teresamorse@example.com,3537385561534422
U0259,Sarah Patterson,ruizlori@example.org,6011683621498325
U0260,Dr. Shawn Cross,cburke@example.org,4205103148772
U0261,Mario Robinson,hunter21@example.net,3540292677661948
U0262,James Cook,jensenveronica@example.com,180092849270003
U0263,Alexander Solomon,johnsonsara@example.com,676380351673
U0264,William Mendez,scottrebecca@example.com,30246864207322
U0265,Eric Cannon,jeremymartinez@example.org,346684469427953
U0266,Sierra Choi,vbrown@example.net,344997191570334
U0267,Mathew Cortez,mccoymorgan@example.org,6517626270788008
U0268,Todd Patterson,gregory34@example.net,4533431982806
U0269,Mary Sheppard,nholt@example.com,4942189130335101827
U0270,Christopher Carlson,dpayne@example.org,4793278167081
U0271,Alexander Bonilla,owenabigail@example.org,2720620361660335
U0272,Joseph Hernandez,jameswilson@example.net,6011463507133944
U0273,Brian Frey,wattscrystal@example.com,30459880943792
U0274,Adam Shaw,istrickland@example.com,213131545117141
U0275,Zachary Williams,lynn09@example.com,4265655580278953
U0276,Kenneth Stevens,james92@example.net,3552746372348825
U0277,Juan Reynolds,icox@example.org,347289185219954
U0278,Jessica Wong,hessscott@example.com,3549859392400199
U0279,Denise Mccullough,kayla47@example.com,349847420621140
U0280,Patricia Martinez,moodywilliam@example.com,213132406606297
U0281,James White,vmckay@example.net,2288642638276087
U0282,Mark Church,kiaramiller@example.net,2295700368676206
U0283,Amy Carlson,james47@example.net,676271602820
U0284,Kristen Hall,wanda63@example.com,060426026757
U0285,Daniel Ross,kathy24@example.com,4744151991117950697
U0286,Peter Anderson,alicia28@example.com,676367932792
U0287,Paul Adams,james01@example.org,30571215574926
U0288,Sara Sanders,greenlauren@example.com,4242853602288369
U0289,Kelli Hanson,santostroy@example.com,4736676995935079
U0290,Timothy Collins,wrobinson@example.com,4055238198026819
U0291,Michelle Larson,kevinbutler@example.com,213138550506951
U0292,Felicia Garcia,jensenjoseph@example.net,349752320691591
U0293,Antonio Harper,serranoapril@example.com,3527139373515687
U0294,Anthony Hammond,jessesmith@example.com,340736944215217
U0295,Jessica Chapman,samantha22@example.org,4472209331191245
U0296,Mark Potts,mcdanielcathy@example.net,5316358352051742
U0297,Shawn Arnold,kim81@example.com,3506500019112848
U0298,Gail Scott,corey89@example.com,4620944194243058246
U0299,Justin Arnold,gregory74@example.com,38564986392539
U0300,Mrs. Michaela Peterson,james31@example.com,6011508547311189
U0301,Trevor Ramirez,jennifersawyer@example.com,6011327715715224
U0302,Mary Brown,amberbennett@example.net,30014832366400
U0303,Aaron Clay,tylerlee@example.com,4855198061397170
U0304,Michael Lewis,lauren01@example.org,4882804948215710
U0305,Thomas Alexander,courtneysmith@example.com,213180486407045
U0306,Carla Leonard,smithjasmine@example.net,2409675733341772
U0307,Bradley Smith,trivera@example.org,213123910386872
U0308,Jessica Gutierrez,kimberly89@example.org,3549340432217398
U0309,Michael Strickland,ralvarado@example.org,4815887462379147
U0310,Amanda Stokes,dunnstacy@example.com,4497469919601699
U0311,Timothy Wilson,mendeztaylor@example.com,3561049721369199
U0312,Thomas Allen,spenceralicia@example.com,4254181407478026
U0313,Briana Smith,zacharyrivera@example.org,676112146557
U0314,John Nichols,keith43@example.net,213167267382455
U0315,Walter Levine,hollowayamy@example.net,4359782502384987
U0316,Diana Bowman,stricklandtimothy@example.net,4478501410381968
U0317,Mariah Mason,cynthia91@example.net,4243304466479
U0318,Elizabeth Williams,comptonjuan@example.net,502026473921
U0319,Anthony Riley,dbradley@example.org,4367730155578
U0320,Charles Valentine,craig59@example.org,4213839820352694668
U0321,Nicholas Bauer,robertarmstrong@example.net,060442312140
U0322,Kara Rollins MD,rodriguezjohn@example.org,562981595696
U0323,Gabriel Russell,perezbobby@example.com,4132468584740
U0324,Corey Blankenship,martinezashley@example.com,180013711909270
U0325,Lindsey Arnold,jacqueline03@example.com,4149567269491215
U0326,Melody Lane,hbanks@example.net,4490383193778841
U0327,Sheila Silva,ayoung@example.com,3540039923050511
U0328,Katie Kaiser,catherinebrown@example.net,4348267282450169561
U0329,Jason Deleon,roykaiser@example.org,502070015339
U0330,Nicole Morris,pjones@example.org,4256736655551868553
U0331,Joseph Henson,robinsonseth@example.org,4279468548224018
U0332,Nicole Johnson,qblanchard@example.org,4195951190598
U0333,Russell Hale,vlewis@example.net,4015012825430
U0334,Jaime Collins PhD,carrie66@example.com,180071738487282
U0335,Gregory Jones,ygreene@example.org,3563779488232408
U0336,Alexandra Jones,tsantiago@example.net,2243170280884788
U0337,Michael Thomas,dpeck@example.org,6574314915806051
U0338,Austin Mitchell,kendraanthony@example.com,6011222636140661
U0339,Chris Monroe,suzannefrazier@example.org,676294116410
U0340,Victoria Long,parkertamara@example.com,4255021737746206
U0341,Justin Savage,vnorris@example.org,2302161317558550
U0342,Terri Woods,robin22@example.org,630496779186
U0343,Kyle Murray,nathan88@example.net,5583499602357202
U0344,Michael Gonzalez,caseyalison@example.com,4854233980048785
U0345,David Hampton,gibsonjohnny@example.com,3583804146785872
U0346,Kathryn Smith,carolyn92@example.org,6526939134963108
U0347,Carlos Contreras,maria79@example.org,675918302992
U0348,Antonio Green,steven96@example.org,213129386631667
U0349,Ashley Brown,rcrawford@example.net,30477460484094
U0350,Jessica Orr,qwarner@example.com,180082588337139
U0351,Tammy Carr MD,daleramsey@example.org,180031396684588
U0352,Sean Spears,ylopez@example.net,30410938961450
U0353,Terry Rasmussen DVM,daniellejordan@example.com,30247839961332
U0354,Anthony Moore,diane79@example.org,675949718877
U0355,Emily Smith,qhardy@example.com,2286602571317399
U0356,Patricia Anderson,matthew02@example.net,370606055923029
U0357,Valerie Barnett,uhorn@example.net,3549360393856836
U0358,Christopher Peterson,tammyrollins@example.com,4453666840540019
U0359,Teresa Davis,hballard@example.net,675971711469
U0360,Tyler Jacobson,alicia07@example.com,3578109115518321
U0361,Elizabeth Sullivan,melissajames@example.net,376511522475187
U0362,Jennifer Vaughn,claytoncooper@example.com,4279088226457
U0363,Jill Smith,uhughes@example.net,180070901120050
U0364,Lauren Martinez,caroline98@example.org,583803214449
U0365,Audrey Robinson,michaelnewman@example.net,180031493004623
U0366,Christopher Watts,millerbrian@example.net,38086709100643
U0367,Gregory Mendoza,phylliswilliamson@example.com,676129365042
U0368,James Ferguson,jjones@example.net,6599123024264891
U0369,John Williams,dkennedy@example.net,2554208084452841
U0370,Lisa Washington,briancruz@example.com,3576915695062270
U0371,Breanna Moses,pedwards@example.com,3534873769358366
U0372,Sean Moore DDS,fromero@example.org,4485951098804099
U0373,Stephen Barnes,josephporter@example.com,6503879531630339
U0374,William Turner,james28@example.org,3579062253358308
U0375,Yvonne White,pdodson@example.com,4899934828637419
U0376,Michael Aguilar,lewisann@example.net,6011170908326916
U0377,Briana Crosby,qthomas@example.net,676185607576
U0378,Christina Robinson,lperry@example.net,4747366407004147
U0379,Kenneth Proctor DDS,hicksphilip@example.net,4535888449699390
U0380,Rebecca Rowe,moniquereynolds@example.net,4482324837878875442
U0381,Amy Santana,patrick07@example.org,376901144841959
U0382,Bridget Dean,david80@example.com,3571552320746400
U0383,Robin Sanchez,calvin12@example.com,6011114887556150
U0384,Jesse Gaines,denise95@example.org,3553094547091874
U0385,Colin Montgomery,mmartinez@example.com,4112403013802353
U0386,Gabriel Reilly,jacobwillis@example.com,4429765987696561240
U0387,Heather Moore,dtaylor@example.com,572085931408
U0388,Jennifer Hernandez,lindarichardson@example.com,4029083431218
U0389,Jesse Riddle,luke04@example.net,4109643817682
U0390,Brandon Weber,howellmichelle@example.org,4421002792006321
U0391,Ryan Ruiz,zking@example.org,4608076921266894
U0392,Shelby Palmer,rmartinez@example.com,3506567391069706
U0393,Stephanie Combs,goodmanstephen@example.net,4028056430405525139
U0394,William Gordon,frankjeffrey@example.net,3531347636642628
U0395,Perry Johnson,martinezangela@example.com,2279009470645962
U0396,Katie Wagner,christiejones@example.org,3596879793076630
U0397,Keith Barajas,linda13@example.com,501833429464
U0398,Debra Meadows,jessicadavis@example.com,36997939088345
U0399,Mary Brooks PhD,omurray@example.org,6591290711281542
U0400,Daniel Smith,markhicks@example.com,346163635530628
U0401,Jack Stanley,cchristensen@example.org,3537524659888072
U0402,Kelly Molina,melissasnyder@example.com,3534761252035833
U0403,Angela Gonzalez,zreed@example.net,3513356518777172
U0404,Taylor Fox,elijahhunt@example.net,676359547756
U0405,James Pineda,jake90@example.org,4006386485210594
U0406,Alejandra Blake,xlane@example.org,213162225208629
U0407,Angela Cox,hannah91@example.net,4420751026134702
U0408,Holly Orozco,maldonadochristina@example.net,501831375982
U0409,Michelle Kim,kyle79@example.com,4584007828493
U0410,Gregory Vance,marygay@example.org,3549953705297226
U0411,John Brewer,hayestamara@example.com,3582355520415645
U0412,Rhonda Hardy,joshua65@example.com,4194750954260103
U0413,Lauren Hunter,evan94@example.net,060413797691
U0414,Shawn Booker,ericlawrence@example.net,4771814357163762091
U0415,Jeremy Little,richard66@example.com,4884866205402677
U0416,Sarah Parks,courtneywheeler@example.org,213123127288168
U0417,Garrett Pace,ihines@example.org,6011676418063450
U0418,Robert Williams,eortega@example.org,4569903613796143
U0419,Isaac Martinez,angelapotter@example.com,2234221582945867
U0420,Richard Cline,carmen67@example.net,3561967478560498
U0421,Carrie Perkins,tara76@example.com,3505962870970378
U0422,Susan Meyer,lisa72@example.org,6542362094769805
U0423,Stacy Wilkins,amartinez@example.com,2414562915620293
U0424,Joseph Johnson,jasonwilliams@example.com,180021620187607
U0425,Richard Marshall,xcarter@example.com,213142943370729
U0426,Jason Love,sherry82@example.com,213179496298907
U0427,Jennifer Odom,wallersavannah@example.com,38925908059789
U0428,Suzanne White,thomasjonathan@example.com,4887432148837
U0429,James Potter,janetmarshall@example.com,4431811043607952
U0430,Tiffany Young,plane@example.org,378941147396310
U0431,Justin Torres,costajennifer@example.org,3584834065875890
U0432,Shelby Williams,space@example.com,3510723573986894
U0433,Cynthia Warner,tayloranna@example.net,4915457053895346
U0434,Jose Brown,gavin57@example.com,180052103419720
U0435,Ashley Kelly,johnstewart@example.org,3535871801391436
U0436,Adrienne Miller,gmccormick@example.net,6011496430065023
U0437,Jose Buchanan,andersonjuan@example.net,4249444139658759708
U0438,James Williams,justinmitchell@example.net,4500554892834782
U0439,Alicia Carlson,sethcook@example.net,180012952886205
U0440,Terry Thomas,wnewton@example.com,180015825205776
U0441,Erin Cox,ecosta@example.net,676339880731
U0442,Gary Hendricks,seantorres@example.org,30309354571449
U0443,Mike Lucas,andersonmandy@example.org,4316947296934501
U0444,Charles Collier,hgomez@example.net,3585449423048343
U0445,Nicholas Green,carolyn89@example.org,4221842884809
U0446,Timothy Smith,marshallalyssa@example.com,060440367658
U0447,Eric Morris,cberry@example.org,2222373944055689
U0448,Angel Dickerson,lindagaines@example.com,6512964658775601
U0449,Mr. Adam Baldwin,nicholasvalentine@example.com,675993510477
U0450,Karen Fernandez,jordan85@example.com,4003270241561861173
U0451,Carolyn Wright,michaelmcdonald@example.net,213133247986476
U0452,Evan Lopez,rebecca99@example.org,676372862422
U0453,Gina Martin,srichardson@example.net,6567726771301688
U0454,Darren May,frosario@example.org,2257328456252338
U0455,Rhonda Nelson,kimmichelle@example.net,3527530260587864
U0456,Angela Hernandez,michael52@example.net,4834438487000746148
U0457,Justin Trevino,ghoover@example.com,348961465875676
U0458,Peter Barajas,qsmith@example.com,060466428970
U0459,Sandra Farrell,kellymoody@example.net,572179956055
U0460,Vincent Perez,kimberlyrichardson@example.org,30560434866759
U0461,Maria Ramos,perryjessica@example.com,630435887389
U0462,Kimberly Phillips,jessica89@example.com,2691934996309571
U0463,Sarah Schmidt,spencerbobby@example.net,4515545102649120
U0464,Marie Palmer,michael03@example.com,4902170389104581
U0465,Tamara Mccarty,cookdavid@example.com,377627440787617
U0466,Nicole Winters,ymoore@example.org,4674928139279979
U0467,Allison Walker,cwillis@example.net,6011160394551218
U0468,Kenneth Daniels,xgardner@example.com,4401024092377
U0469,Richard Holmes,gregory51@example.com,377120403987002
U0470,Michael Garcia,vross@example.com,2295968589389368
U0471,Shane Fletcher,morenomorgan@example.com,213103677501145
U0472,William Conley,rcollier@example.org,676291928353
U0473,Amy Brown,stephaniehale@example.org,4920031711494701980
U0474,Daniel Mack MD,william62@example.net,3533907779114467
U0475,Sarah Allen,jennifer53@example.net,4329500325493335256
U0476,David Moon,christine70@example.com,213167061043394
U0477,Daniel Cole,stewartrachel@example.org,379531908278846
U0478,James Snow,edwardsryan@example.org,676373815528
U0479,Ivan Torres,toddfitzpatrick@example.com,4275887464240
U0480,Laura Mendoza,jimenezwyatt@example.org,180056484077718
U0481,Nicholas Spence,patrick14@example.net,3511494095351947
U0482,Lori Wade,brianhenderson@example.com,3537593172339426
U0483,Bianca Wang,cjefferson@example.org,5511951668383875
U0484,Ellen Mills,schneidermegan@example.org,3500982460549411
U0485,Renee Bell,christophermoreno@example.org,30453700906600
U0486,Matthew Collins,destiny06@example.org,180016655256384
U0487,Gregory Keith,cooperdavid@example.com,4242539308069299395
U0488,Kurt Chapman,lisa74@example.net,4954417173729603
U0489,Rebekah Brown,laurenrogers@example.org,4756434736051235
U0490,Michael Palmer,gonzaleztheresa@example.net,4009863958156787451
U0491,Julie Davenport,cnelson@example.net,30418065922492
U0492,Ana Simmons,brandyjones@example.org,377990416136270
U0493,Caleb Rodriguez,aaron74@example.com,180096487011314
U0494,Reginald Grant,jaclyn91@example.org,4391174698067081
U0495,Cheryl Mullins,jimmy70@example.org,4440879442149411825
U0496,Brian Acosta,bjohnson@example.org,4489346150038155
U0497,Michaela Gates,leonardchase@example.com,6011594942700606
U0498,Kelly Fernandez,todd56@example.net,348011302405129
U0499,Jeffery Gutierrez,ymiller@example.net,4644193958272988
